No,Title,Sinopsis,Genre,Thumb,Status,Released,Duration,Country,Type,Director,Casts,Episodes
1,Present Is Present,"Yuan Xia tumbuh dalam kesulitan, tetapi dia selalu berusaha meraih sinar matahari, membawa kerinduan akan masa depan yang lebih baik dan keyakinan yang teguh. Perjalanan emosional antara dia dan Wei Zi Qi adalah perjalanan yang luar biasa untuk saling mengejar dan menebus. Cinta mereka melampaui ruang dan waktu, terjalin dan bersatu kembali di alam semesta paralel yang tak terhitung jumlahnya, saling menyelamatkan satu sama lain berkali-kali, saling jatuh cinta satu sama lain.","Fantasy,Mystery,Romance,Thriller",https://oppadrama.art/wp-content/uploads/2024/05/Present-Is-Present-2024.webp, Ongoing," May 25, 2024"," May 21, 2024 - Jun 7, 2024", China, Drama, Huang Yuanda," Fan Zhi Xin, Lin Ai Ya, Liu Jia Xi, Song Yi Xiong, Tu Bing, Wu Hao Ze", 16
2,Lovely Runner,"Di dunia ketenaran yang gemerlap, Ryu Seon Jae bersinar sebagai selebriti papan atas, memikat perhatian sejak debutnya. Meskipun tampak seperti kehidupan yang sempurna, tuntutan industri hiburan telah membuatnya benar-benar kelelahan. Im Sol, seorang pengagum berat, menyimpan rasa cinta yang mendalam pada Ryu Seon Jae. Kecelakaan di masa kecil menggagalkan mimpinya, namun penghiburan yang ditemukan dalam musik Ryu Seon Jae di radio mengubahnya menjadi penggemar setia.","Comedy,Fantasy,Music,Romance",https://oppadrama.art/wp-content/uploads/2024/04/Lovely-Runner-2024.webp, Ongoing," April 24, 2024", 1 hr. 10 min., South Korea, Drama," Boo Sung Chul, Kim Tae Yeong, Yoon Jong Ho"," Byeon Woo Seok, Jung Young Joo, Kim Hye Yoon, Lee Seung Hyub, Song Geon Hee, Sung Byung Sook", 16
3,Best Choice Ever,"Mai Cheng Huan, seorang gadis pasca-95 yang lahir dari keluarga biasa di Shanghai, melamar kekasihnya, Xin Jia Liang, atas desakan ibunya, Liu Wan Yu. Namun, kondisi ekonomi keluarga Xin yang menguntungkan membuat hubungan emosional yang awalnya setara ini menjadi tidak seimbang. Pada saat yang sama, intervensi ibu Mai yang berlebihan dalam peristiwa seumur hidup putrinya mempercepat perpisahan antara Mai Cheng Huan dan Xin Jia Liang. Antara berbakti kepada orang tuanya dan setia pada dirinya sendiri, Mai Cheng Huan berjuang untuk menemukan jalan. Dia secara bertahap melepaskan diri dari perhatian ibunya yang kuat dan menjadi lebih fokus dan giat dalam pekerjaannya.","Drama,Family,Life,Romance",https://oppadrama.art/wp-content/uploads/2024/04/Best-Choice-Ever-2024.webp, Completed," April 19, 2024", 45 min., China, Drama," Tian Yu, Wang Cheng Xin"," Gala Zhang, He Sai Fei, Wu Yan Shu, Xu Kai, Xu Ling Yue, Yang Zi", 37
4,The Midnight Romance in Hagwon,"Sehabis mengundurkan diri dari suatu industri besar, Lee Joon Ho kembali ke perguruan tempat dia belajar, kali ini selaku instruktur. Ia termotivasi oleh cinta pertamanya yang masih tersisa, guru perguruan Seo Hye Jin. Seo Hye Jin sudah jadi instruktur bahasa Korea sepanjang 4 belas tahun terakhir. Ia jadi bintang sehabis insiden legendaris yang diucap “Keajaiban Daechi”. Dikala hidupnya mulai terasa tenang, mantan murid serta pengacau Lee Joon Ho, yang ia bantu masuk ke universitas bergengsi 10 tahun lebih dahulu timbul serta memunculkan kekacauan.","Life,Melodrama,Romance",https://oppadrama.art/wp-content/uploads/2024/05/The-Midnight-Romance-in-Hagwon-2024.webp, Ongoing," May 26, 2024", 1 hr. 10 min., South Korea, Drama, Ahn Pan Seok," Jung Ryeo Won, Kil Hae Yeon, Kim Jong Tae, Kim Jung Young, So Ju Yeon, Wi Ha Joon", 16
5,Bitter Sweet Hell,"Sebagai seorang psikiater selebriti yang menikah dengan seorang dokter bedah yang sukses, Noh Young Won menjalani kehidupan yang sempurna. Namun, dunianya yang sempurna runtuh saat ia menemukan bahwa suaminya, Choi Jae Jin, berselingkuh dengan Lee Se Na, seorang wanita misterius yang kedatangannya secara tiba-tiba memicu serangkaian peristiwa tragis. Putus asa mencari jawaban, Young Won bekerja sama dengan ibu mertuanya, Hong Sa Gang, untuk menyelamatkan keluarga mereka dari kehancuran.","Comedy,Drama,Mystery,Thriller",https://oppadrama.art/wp-content/uploads/2024/05/Bitter-Sweet-Hell-2024.webp, Ongoing," May 26, 2024"," May 24, 2024", South Korea, Drama," Kim Seung Woo, Lee Dong Hyun"," Hwang Chan Sung, Kim Hee Sun, Kim Nam Hee, Lee Hye Young, Shin So Yool, Yeonwoo", 12
6,The Atypical Family,"Bok Gwi Joo serta keluarganya terlahir dengan kekuatan supranatural yang berbeda. Bok Gwi Joo bisa melaksanakan ekspedisi ke masa kemudian namun cuma ke masa-masa senang dalam hidupnya. Ia tidak dapat mengganti masa kemudian jadi ia cuma dapat memikirkan saat-saat senang itu. Bok Gwi Joo mengidap tekanan mental serta perihal ini buatnya kehabisan kekuatan supernaturalnya. Keluarganya pula kehabisan kekuatan mereka sendiri sebab masalah-masalah modern semacam tidak bisa tidur bulimia, serta kecanduan smartphone. Sesuatu hari, Do Da He ikut serta dengan Bok Gwi Joo serta keluarganya. Ia mulai tinggal bersama mereka, serta pergantian juga terjalin.","Action,Fantasy,Psychological,Romance",https://oppadrama.art/wp-content/uploads/2024/05/The-Atypical-Family-2024.webp, Ongoing," May 26, 2024", 1 hr. 10 min., South Korea, Drama, Jo Hyun Taek," Chun Woo Hee, Go Doo Shim, Jang Ki Yong, Kim Su Hyun, Oh Man Seok, Park So Yi", 12
7,Connection,Film thriller investigasi kriminal yang menggambarkan persahabatan yang menyimpang dari persahabatan yang terungkap saat melacak kematian seorang teman sekolah menengah yang meninggal dengan meninggalkan uang asuransi sebesar 5 miliar won.,"Action,Crime,Mystery,Thriller",https://oppadrama.art/wp-content/uploads/2024/05/Connection-2024.webp, Ongoing," May 26, 2024", 60 min., South Korea, Drama, Kim Moon Kyo," Cha Yeob, Jeon Mi Do, Jeong Jae Kwang, Ji Sung, Kim Kyung Nam, Kwon Yool", 16
8,Seven Orifices,"7 lubang besar tiba-tiba muncul di berbagai lokasi di Jepang. Lubang-lubang itu muncul di tempat-tempat acak seperti di langit, di tengah jalan, di lapangan, atau di tengah kota. Warga bingung tentang lubang-lubang tersebut, dan berbagai penyelidikan dilakukan tentang lubang-lubang tersebut, tetapi sifat asli dari lubang-lubang tersebut tetap tidak diketahui. Seiring berjalannya waktu, orang-orang mulai hidup dengan lubang-lubang tersebut. Banyak orang yang masuk ke dalam lubang, tetapi tidak ada yang kembali dari lubang tersebut. Kemudian, muncul seorang pria bernama Ozawa yang menyembah lubang-lubang tersebut sebagai dewa. Dia bersikeras bahwa keselamatan dapat ditemukan di dalam lubang. Delapan orang yang merupakan pengikut Ozawa berkumpul di sebuah fasilitas resor. Kedelapan orang tersebut adalah Kawabata, Sugaya, Matsuoka, Aoyama, Watanabe, Shingo, Iguchi, dan Okamoto. Mengikuti aturan Ozawa, mereka harus berbicara tentang mengapa mereka ingin pergi dan merekam diri mereka sendiri sebelum mereka memasuki lubang.",[],https://oppadrama.art/wp-content/uploads/2024/05/Seven-Orifices-2024.webp, Ongoing," May 25, 2024", 30 min., Japan, Drama, Kato Takuya," Furutachi Kanji, Kamishiraishi Moka, Morita Kokoro, Nakagawa Taishi, Sometani Shota, Tsutsumi Shinichi", 8
9,Spider-Man 2 (2004),"Ketika percobaan fusi nuklir yang gagal mengakibatkan ledakan yang menewaskan istrinya, Dr. Otto Octavius (Alfred Molina) berubah menjadi Dr. Octopus, seorang cyborg dengan tentakel logam yang mematikan. Doc Ock menyalahkan Spider-Man (Tobey Maguire) atas kecelakaan tersebut dan berusaha membalas dendam. Sementara itu, alter ego Spidey, Peter Parker, menghadapi kekuatan yang memudar dan keraguan diri. Hal yang memperumit masalah ini adalah kebencian sahabatnya (James Franco) terhadap Spider-Man dan pertunangan cinta sejatinya (Kirsten Dunst) yang tiba-tiba dengan pria lain.","Action,Adventure,Sci-Fi",https://oppadrama.art/wp-content/uploads/2024/05/Spider-Man-2-2004.webp, Completed," May 22, 2024", 127 min, United States, Movie, Sam Raimi," Alfred Molina, Kirsten Dunst, Tobey Maguire", 1
10,Spider-Man (2002),"“Spider-Man” berpusat pada seorang mahasiswa Peter Parker (Tobey Maguire) yang, setelah digigit laba-laba yang telah diubah secara genetis, memperoleh kekuatan super dan kemampuan seperti laba-laba untuk menempel di permukaan apa pun. Dia bersumpah untuk menggunakan kemampuannya untuk memerangi kejahatan, setelah memahami kata-kata Paman Ben yang dicintainya: “Dengan kekuatan yang besar, datanglah tanggung jawab yang besar.”","Action,Adventure,Sci-Fi",https://oppadrama.art/wp-content/uploads/2024/05/Spider-Man-2002.webp, Completed," May 22, 2024", 121 min, United States, Movie, Sam Raimi," Kirsten Dunst, Tobey Maguire, Willem Dafoe", 1
11,Ghost Rider: Spirit of Vengeance (2011),"Sekarang bersembunyi di Eropa Timur, Johnny Blaze (Nicolas Cage) masih berjuang melawan kutukan Ghost Rider – pemburu bayaran iblis. Johnny bertemu dengan seorang pendeta bernama Moreau (Idris Elba), yang meminta Johnny untuk menemukan seorang anak laki-laki bernama Danny (Fergus Riordan) dan membawanya kembali. Namun ada satu hal yang perlu diingat, Setan (Ciarán Hinds) juga mencari anak itu dan memiliki kepentingan pribadi dalam masalah ini. Namun jika Johnny dapat menemukan Danny terlebih dahulu dan menyelamatkan jiwa anak itu, ada kemungkinan Johnny juga dapat menyelamatkan jiwanya sendiri.","Action,Fantasy,Thriller",https://oppadrama.art/wp-content/uploads/2024/05/Ghost-Rider-Spirit-of-Vengeance-2011.webp, Completed," May 22, 2024", 96 min," United Arab Emirates, United States", Movie," Brian Taylor, Mark Neveldine"," Ciarán Hinds, Idris Elba, Nicolas Cage", 1
12,Ghost Rider (2007),"Bertahun-tahun yang lalu, pemeran pengganti sepeda motor Johnny Blaze (Nicolas Cage) menjual jiwanya untuk menyelamatkan nyawa orang yang dicintainya. Sekarang, dia berubah menjadi agen keadilan yang berapi-api dan membalaskan dendam di malam hari di mana pun kejahatan berkeliaran. Sebagai satu-satunya yang dapat berjalan di kedua dunia, Johnny ditugaskan oleh Mephistopheles (Donal Logue) untuk menghancurkan Blackheart (Wes Bentley), iblis yang ingin menggulingkan Mephistopheles dan menciptakan neraka yang lebih buruk dari yang ada saat ini.","Action,Fantasy,Thriller",https://oppadrama.art/wp-content/uploads/2024/05/Ghost-Rider-2007.webp, Completed," May 22, 2024", 110 min," Australia, United States", Movie, Mark Steven Johnson," Eva Mendes, Nicolas Cage, Sam Elliott", 1
13,What’s Wrong with Secretary Kim 2024,"Dunia yang tampaknya sempurna dari seorang wakil ketua yang tampan dan narsis dari sebuah perusahaan besar berubah menjadi terbalik ketika sekretarisnya yang sangat kompeten selama bertahun-tahun mengumumkan pengunduran dirinya. Dia akan melakukan apa saja untuk mempertahankannya di sisinya, dan dalam prosesnya, mereka mulai mengembangkan perasaan romantis satu sama lain.","Business,Comedy,Romance",https://oppadrama.art/wp-content/uploads/2024/04/Whats-Wrong-with-Secretary-Kim-2024.webp, Ongoing," April 19, 2024", 29 min., Philippines, Drama, Chad Vidanes," Angeline Quinto, Jake Cuenca, Janice de Belen, Kim Chiu, Paulo Avelino, Romnick Sarmenta", 33
14,Descendants of the Sun,"Kisah cinta yang berkembang antara seorang ahli bedah dan seorang perwira pasukan khusus. Kang Mo Yeon adalah seorang wanita cantik dan tegas yang bekerja sebagai dokter bedah kardiotoraks di Rumah Sakit Haesung. Dia tidak takut mengakui kesalahannya dan percaya bahwa kemampuan mengesampingkan koneksi apa pun yang Anda miliki. Namun, ia segera dihadapkan pada kenyataan bahwa ia tidak bisa maju hanya dengan kemampuan. Hidupnya berubah selamanya ketika ia bertemu dengan Yoo Shi Jin, kapten dan pemimpin tim dari Tim Alpha yang lebih peduli untuk melindungi siapa pun yang membutuhkan bantuan serta negaranya, bahkan jika itu bertentangan dengan perintah atasannya. Drama ini akan menceritakan bagaimana mereka berdua bersatu di masa perang dan mengatasi rintangan yang menghadang.","Action,Comedy,Melodrama,Romance",https://oppadrama.art/wp-content/uploads/2024/05/Descendants-of-the-Sun-2016.webp, Completed," May 20, 2024", 60 min., South Korea, Drama," Baek Sang Hoon, Lee Eung Bok"," Jin Goo, Kim Ji Won, Lee Seung Joon, Seo Jung Yeon, Song Hye Kyo, Song Joong Ki", 16
15,Amazing Saturday,"Setiap minggunya akan ada pasar unggulan dari Korea Selatan dan di dalamnya ada 3 jenis makanan yang dipilih sebagai perwakilannya. Pemeran dan tamu, sebagai kontestan, harus bermain game dan menang untuk bisa menikmati makanannya. Akan ada konsep tema berpakaian untuk para pemain dan tamu untuk diikuti untuk pembuatan film setiap episode. Untuk episode 1-4, format programnya hanya 3 putaran dikte lagu. Dari episode 5, format program diubah menjadi 2 putaran dikte lagu, dengan Snack Time di antara segmen dikte.","Comedy,Food,Music",https://oppadrama.art/wp-content/uploads/2024/02/Amazing-Saturday-2018.webp, Ongoing," February 19, 2024", 1 hr. 20 min., South Korea, TV Show,-, Key, 400
16,Poseidon (2006),"Setelah gelombang pasang besar membalikkan sebuah kapal mewah di Atlantik Utara, para penyintas (Josh Lucas, Kurt Russell, Jacinda Barrett) bersatu dan melintasi labirin terbalik yang berbahaya yang mereka harapkan dapat membawa mereka ke tempat yang aman. Saat kapal yang karam terisi air, para penyintas harus menggunakan kekuatan dan keterampilan tersembunyi untuk menghadapi pertarungan hidup mereka.","Action,Adventure,Thriller",https://oppadrama.art/wp-content/uploads/2024/05/Poseidon-2006.webp, Completed," May 18, 2024", 98 min, United States, Movie, Wolfgang Petersen," Emmy Rossum, Kurt Russell, Richard Dreyfuss", 1
17,12 Angry Men (1957),"Setelah argumen penutup dalam persidangan pembunuhan, 12 anggota juri harus berunding, dengan vonis bersalah yang berarti kematian bagi terdakwa, seorang remaja dari kota. Ketika belasan orang itu mencoba untuk mencapai keputusan bulat saat diasingkan di sebuah ruangan, seorang juri (Henry Fonda) meragukan beberapa elemen dari kasus tersebut. Masalah pribadi segera muncul ke permukaan, dan konflik mengancam untuk menggagalkan proses rumit yang akan menentukan nasib seorang anak laki-laki.","Crime,Drama",https://oppadrama.art/wp-content/uploads/2024/05/12-Angry-Men-1957.webp, Completed," May 18, 2024", 96 min, United States, Movie, Sidney Lumet," Henry Fonda, Lee J. Cobb, Martin Balsam", 1
18,Pirates of the Caribbean: At World’s End (2007),"Will Turner (Orlando Bloom) dan Elizabeth Swann (Keira Knightley) bergabung dengan Kapten Barbossa (Geoffrey Rush) untuk membebaskan Jack Sparrow (Johnny Depp) dari kurungan Davy Jones. Sementara itu, kru kapal hantu Flying Dutchman mendatangkan malapetaka di Seven Seas. Para sahabat harus mengarungi perairan berbahaya untuk menghadapi bajak laut Cina Sao Feng (Chow Yun-Fat) dan pada akhirnya, mereka harus memilih sisi dalam pertempuran di mana nyawa para bajak laut tergantung pada keseimbangan.","Action,Adventure,Fantasy",https://oppadrama.art/wp-content/uploads/2024/05/Pirates-of-the-Caribbean-At-Worlds-End-2007.webp, Completed," May 18, 2024", 169 min, United States, Movie, Gore Verbinski," Johnny Depp, Keira Knightley, Orlando Bloom",-
19,Pirates of the Caribbean: On Stranger Tides (2011),"Masa lalu Kapten Jack Sparrow (Johnny Depp) yang penuh dengan ketidakpastian kembali muncul saat ia bertemu dengan Angelica (Penélope Cruz), bajak laut cantik yang pernah dicintai Jack, namun kemudian pergi meninggalkannya. Angelica memaksanya untuk menemaninya ke Queen Anne’s Revenge, kapal milik Blackbeard (Ian McShane) yang terkenal kejam. Ditemani oleh kru zombie, ketiganya berlayar untuk menemukan Fountain of Youth yang legendaris. Namun, saingan Jack, Barbossa (Geoffrey Rush), juga mencari air mancur tersebut, seperti halnya sebuah kapal dari Spanyol.","Action,Adventure,Fantasy",https://oppadrama.art/wp-content/uploads/2024/05/Pirates-of-the-Caribbean-On-Stranger-Tides-2011.webp, Completed," May 18, 2024", 136 min," United Kingdom, United States", Movie, Rob Marshall," Ian McShane, Johnny Depp, Penélope Cruz", 1
20,Pirates of the Caribbean: Dead Men Tell No Tales (2017),Kapten Jack Sparrow mencari Trisula Poseidon untuk menguasai lautan sambil dikejar-kejar oleh saingan lamanya Kapten Salazar dan kru hantu-hantu maut yang melarikan diri dari Segitiga Iblis.,"Action,Adventure,Fantasy",https://oppadrama.art/wp-content/uploads/2024/05/Pirates-of-the-Caribbean-Dead-Men-Tell-No-Tales-2017.webp, Completed," May 18, 2024", 129 min," Australia, Canada, United Kingdom, United States", Movie," Espen Sandberg, Joachim Rønning"," Geoffrey Rush, Javier Bardem, Johnny Depp", 1
21,GomBurZa (2023),"Drama sejarah yang kuat dan mengharukan yang menceritakan kisah keberanian tiga pastor Katolik Filipina, Mariano Gomes, José Burgos, dan Jacinto Zamora, yang dieksekusi pada tahun-tahun terakhir era penjajahan Spanyol di Filipina.","Action,Drama,Historical",https://oppadrama.art/wp-content/uploads/2024/05/GomBurZa-2023.webp, Completed," May 18, 2024", 1 hr. 52 min., Philippines, Movie, Pepe Diokno," Cedrick Juan, Dante Rivero, Elijah Canlas, Enchong Dee, Ketchup Eusebio, Piolo Pascual", 1
22,Thelma the Unicorn (2024),"Thelma adalah kuda poni kecil yang bermimpi menjadi bintang musik yang glamor. Dalam sebuah momen takdir yang berwarna merah muda dan gemerlap, Thelma menjelma menjadi unicorn dan langsung menjadi bintang dunia. Namun, kehidupan baru yang penuh ketenaran ini harus dibayar mahal.","Adventure,Animation,Comedy",https://oppadrama.art/wp-content/uploads/2024/05/Thelma-the-Unicorn-2024.webp, Completed," May 18, 2024", 1h 37m," Canada, United States", Movie," Jared Hess, Lynn Wang"," Brittany Howard, Jon Heder, Will Forte", 1
23,Noryang: Deadly Sea (2023),"Pada tahun 1598, Perang Imjin yang berlangsung selama tujuh tahun hampir berakhir saat penjajah Wae bersiap-siap untuk mundur dari Joseon. Laksamana Yi Sun-shin memimpin armada sekutu yang terdiri dari kapal-kapal Joseon dan Ming untuk memusnahkan pasukan Wae. Pasukan Joseon, Ming, dan Wae bertempur di Selat Noryang, lautan mematikan tempat Laksamana Yi bertempur dalam pertempuran terakhirnya yang gagah berani.","Action,Drama,Historical,War",https://oppadrama.art/wp-content/uploads/2024/05/Noryang-Deadly-Sea-2023.webp, Completed," May 18, 2024", 2 hr. 33 min., South Korea, Movie, Kim Han Min," Baek Yoon Shik, Heo Joon Ho, Jung Jae Young, Kim Sung Gyu, Kim Yoon Seok, Lee Kyu Hyung", 1
24,Mai (2024),"Seorang wanita Vietnam telah mengalami banyak kesulitan dalam hidupnya. Ketika dia bertemu dengan tetangganya, mereka mengembangkan perasaan satu sama lain.","Drama,Romance",https://oppadrama.art/wp-content/uploads/2024/05/Mai-2024.webp, Completed," May 18, 2024", 2h 11m, Vietnam, Movie, Tran Thanh," Hong Dao, Huynh Uyen An, Phuong Anh Dao", 1
25,Baghead (2023),"Seorang wanita muda mewarisi sebuah pub kumuh dan menemukan rahasia gelap di ruang bawah tanahnya, Baghead, makhluk yang dapat berubah bentuk yang memungkinkan seseorang berbicara dengan orang yang dicintainya yang hilang, tetapi bukan tanpa konsekuensi.",Horror,https://oppadrama.art/wp-content/uploads/2024/04/Baghead-2023.webp, Completed," April 6, 2024", 94 min," Germany, United Kingdom", Movie, Alberto Corredor," Freya Allan, Jeremy Irvine, Ruby Barker", 1
26,Everyone Loves Me,"Yue Qian Ling sudah lama naksir Gu Xun, dia akhirnya menyatakan perasaannya kepadanya saat dia akan lulus, tetapi berakhir dengan penolakan. Yue Qian Ling yang kecewa melampiaskan kekesalannya dalam permainan dan mengambil 18 kepala. Teman bermain game-nya memperhatikan dan menunjukkan kepedulian. Diam-diam dia senang mengetahui bahwa dia ditolak karena dia sudah lama menaksirnya bahkan tanpa bertemu langsung. Siapa sangka bahwa orang yang ditaksirnya sebenarnya adalah Yue Qian Ling yang dia tolak sebelumnya.","Comedy,Romance,Youth",https://oppadrama.art/wp-content/uploads/2024/03/Everyone-Loves-Me-2024.webp, Completed," March 3, 2024", 45 min., China, Drama, Yu Chung Chung," Jiang Yi Ming, Lin Yi, Melody Tang, Zhan Yu, Zhang Song, Zhou Ye", 24
27,The Last Immortal,"Mengisahkan antara Feng Yin, makhluk pemadat air, dan Gu Jin, Dewa Sejati yang kekuatannya tersegel, menjadi sorotan utama. Pertemuan tak terduga mereka mendorong mereka untuk mengembara bersama guna menemukan Esensi Abadi Feng Yi. Mereka tidak sendirian, ditemani oleh teman-teman setia mereka: Hong Yi dari Klan Iblis dan Yang Shuang dari Klan Elang. Perjalanan mereka penuh tantangan, terutama saat mereka berhadapan dengan Qing Lin dan pasukannya yang jahat, yang selalu berupaya menghalangi tujuan mereka. Namun, melalui perjuangan bersama, mereka tidak hanya menemukan cinta, persahabatan, dan kehangatan keluarga, tetapi juga memenuhi janji mereka untuk menjaga kedamaian dunia. Di akhir kisah ini, kesetiaan dan perjuangan mereka menghasilkan buah manis: tidak hanya mempertahankan kedamaian di dunia, tetapi juga memperkuat ikatan yang erat di antara mereka, meneguhkan hubungan yang tak terpisahkan antara cinta, persahabatan, dan tujuan bersama. Bagaimana keseruan drama china The Last Immortal? simak kisahnya dengan nonton dan download dibawah ini.","Drama,Fantasy,Romance,Wuxia",https://i3.wp.com/oppadrama.art/wp-content/uploads/2024/01/d0dQ7b_4c-min.jpg, Completed," January 6, 2024", 45 min., China, Drama,-,-, 40
28,Lady Revenger Returns from the Fire,"Luo Ai Lian yang tenang dan tenteram, putri sulung keluarga, terlempar dari kekayaan ke dalam rawa ketika bencana tak terduga melanda dan dia kehilangan segalanya dalam sekejap. Dia menghadapi berbagai tantangan sebelum akhirnya berhasil lolos dan bangkit menjadi putri tertua dari agen pengawal, Shen Dan Qing, yang memiliki kemampuan sastra dan seni bela diri. Eksistensi barunya dimulai ketika dia bangkit dari abu dan mulai menempuh jalan yang sulit dengan menggunakan tangannya untuk mencabik-cabik musuh-musuhnya. Tindakan pembalasan Shen Dan Qing menyebabkan dia menjadi curiga ketika dia secara tidak sengaja mengganggu Jenderal Xu ketika dia sedang mencari harta karun yang hilang. Hal ini menambah keunikan dan pasang surutnya perjalanan Shen Dan Qing dalam membalas dendam. Mereka saling mendukung dan peduli satu sama lain dalam kontes kelicikan dan keberanian yang luar biasa ini, dan banyak kisah menakjubkan yang terjadi.","Historical,Mystery,Romance",https://oppadrama.art/wp-content/uploads/2024/05/Lady-Revenger-Returns-from-the-Fire-2024.webp, Completed," May 1, 2024", 45 min., China, Drama, Li Hong Yu," Cheng Jin Ming, Denny Deng, Liu Xie Ning, Wei Zhe Ming, Wu Chong Xuan, Xu Lu", 24
29,Running Man,"Nonton Variety Show Running Man di setiap episode, para anggota harus bersaing dalam serangkaian permainan dan misi untuk memenangkan perlombaan. Mereka terkadang ditemani oleh tamu selebriti. Penasaran dengan lanjutan kisahnya, silahkan nonton atau download episode lengkapnya hanya di OPPADRAMA.",Comedy,https://oppadrama.art/wp-content/uploads/Running-Man-2010.webp, Ongoing," January 29, 2024", 1 hr. 30 min., South Korea, TV Show,-,-, 740
30,Love at First Night,"Mueang, seorang ahli geologi pejuang lingkungan yang blak-blakan, dan Apo, seorang arsitek yang tertekan, berbagi malam yang penuh gairah. Kemudian, Mueang mengetahui bahwa Apo adalah tunangan ayahnya, yang berujung pada sebuah kisah cinta yang sangat rumit.","Comedy,Drama,Romance",https://oppadrama.art/wp-content/uploads/2024/04/Love-at-First-Night-2024.webp, Completed," April 19, 2024", 60 min., Thailand, Drama, Nok Nuntaporn Kaewamporn," Ball Kummun Klomkaew, Mark Prin Suparat, Mean Phiravich Attachitsataporn, Pear Pitchapa Phanthumchinda, Phoo Phooripun Kruthirun, Yaya Urassaya Sperbund", 16
31,Cherry Magic,"Achi adalah seorang karyawan biasa di sebuah perusahaan alat tulis. Dia masih lajang, masih perjaka. Namun, ketika dia berusia tiga puluh tahun, dia terkejut saat mengetahui bahwa dia telah mengembangkan kekuatan untuk membaca pikiran orang lain saat melakukan kontak fisik. Dia berusaha menghindari kontak dengan siapa pun, namun keadaan menjadi lebih buruk ketika Achi secara tidak sengaja membaca pikiran Karan, rekan kerjanya yang paling tampan dan sempurna. Dia mengetahui bahwa pria yang baik hati dan murah senyum ini jatuh cinta padanya. Setelah kejadian ini, ia berusaha sebaik mungkin untuk menjaga jarak agar tidak menyakiti perasaan Karan.","Romance,Supernatural",https://oppadrama.art/wp-content/uploads/2024/02/Cherry-Magic-2023.webp, Completed," February 6, 2024", 45 min., Thailand, Drama, X Nuttapong Mongkolsawas," Jan Ployshompoo Supasap, Junior Panachai Sriariyarungruang, Mark Jiruntanin Trairattanayon, New Thitipoom Techa-apaikhun, Sing Harit Cheewagaroon, Tay Tawan Vihokratana", 12
32,Only Boo!,"Khao Kang menjual kari di atas nasi (khao kaeng) di sekolah anak laki-laki. Moo adalah siswa kelas dua belas yang bermimpi untuk menjadi seorang idola. Dia membagi waktunya antara merayu Kang dan berlatih. Dia secara bersamaan menginginkan cinta dan mewujudkan mimpinya, tetapi tampaknya dia tidak bisa mendapatkannya ketika debutnya datang dengan peringatan bahwa hubungan dilarang.","Comedy,Romance",https://oppadrama.art/wp-content/uploads/2024/04/Only-Boo-2024.webp, Ongoing," April 22, 2024", 45 min., Thailand, Drama, Golf Sakon Wongsinwiset," Ashi Peerakan Teawsuwan, Aun Napat Patcharachavalit, Keen Suvijak Piyanopharoj, Louis Thanawin Teeraphosukarn, Milk Pansa Vosbein, Sea Dechchart Tasilp", 12
33,White Bird (2023),"Dari penulis buku terlaris Wonder, buku yang memicu gerakan “memilih yang baik”, hadirlah bab berikutnya yang menginspirasi. Dalam White Bird: A Wonder Story, kita mengikuti Julian (Bryce Gheisar), yang telah berjuang untuk diterima sejak ia dikeluarkan dari sekolahnya yang dulu karena perlakuannya terhadap Auggie Pullman. Untuk mengubah hidupnya, nenek Julian (Helen Mirren) akhirnya mengungkapkan kisah keberaniannya sendiri kepada Julian – selama masa mudanya di Prancis yang diduduki Nazi, seorang anak laki-laki melindunginya dari bahaya yang mematikan. Mereka menemukan cinta pertama di dunia magis yang menakjubkan ciptaan mereka sendiri, sementara ibu anak laki-laki itu (Gillian Anderson) mempertaruhkan segalanya untuk menjaganya tetap aman. Dari sutradara Marc Forster (Finding Neverland dan Christopher Robin), penulis naskah Mark Bomback, dan berdasarkan buku R.J. Palacio, White Bird: A Wonder Story, seperti Wonder sebelumnya, adalah film yang menggembirakan tentang bagaimana satu tindakan kebaikan dapat hidup selamanya.","Adventure,Biography,Drama",https://oppadrama.art/wp-content/uploads/2024/05/White-Bird-2023.webp, Completed," May 13, 2024", 120 min, United States, Movie, Marc Forster," Gillian Anderson, Helen Mirren, Olivia Ross", 1
34,The Edge of the Blade (2023),"Pada tahun 1887, pada saat duel sedang populer di Paris, Clement Lacaze dan Marie-Rose Astié bertemu. Dia adalah seorang ahli bela diri yang karismatik; dia adalah seorang feminis, jauh di depan zamannya. Clément terjebak dalam lingkaran kekerasan dan memutuskan untuk mengajak Marie-Rose berduel. Keduanya harus bekerja sama untuk menyelamatkan muka. Seberapa jauh mereka akan mempertahankan kehormatan mereka?",Drama,https://oppadrama.art/wp-content/uploads/2024/05/The-Edge-of-the-Blade-2023.webp, Completed," May 13, 2024", 101 min, France, Movie, Vincent Perez," Doria Tillier, Guillaume Gallienne, Roschdy Zem", 1
35,Imaginary (2024),"Dari Blumhouse, sang pencipta genre yang mendefinisikan genre di balik FIVE NIGHTS AT FREDDY’S dan M3GAN, hadir horor orisinil yang memanfaatkan kepolosan teman khayalan – dan menimbulkan pertanyaan: Apakah mereka benar-benar hanya khayalan masa kecil atau ada sesuatu yang lebih menakutkan di baliknya? Ketika Jessica (DeWanda Wise) pindah kembali ke rumah masa kecilnya bersama keluarganya, putri tirinya yang paling muda, Alice (Pyper Braun), memiliki keterikatan yang menakutkan dengan boneka beruang bernama Chauncey yang ia temukan di ruang bawah tanah. Alice mulai bermain game dengan Chauncey yang awalnya menyenangkan dan menjadi semakin menyeramkan. Ketika perilaku Alice semakin mengkhawatirkan, Jessica turun tangan dan menyadari bahwa Chauncey lebih dari sekedar boneka beruang yang selama ini ia yakini.","Horror,Mystery,Thriller",https://oppadrama.art/wp-content/uploads/2024/05/Imaginary-2024.webp, Completed," May 13, 2024", 104 min, United States, Movie, Jeff Wadlow," DeWanda Wise, Pyper Braun, Taegen Burns", 1
36,Kandahar (2023),"Seorang agen CIA yang menyamar terjebak di wilayah yang tidak bersahabat di Afghanistan setelah misinya terbongkar. Ditemani oleh penerjemahnya, ia harus melawan para pejuang musuh saat ia mencoba untuk mencapai titik ekstraksi di Kandahar.","Action,Thriller",https://oppadrama.art/wp-content/uploads/2024/05/Kandahar-2023.webp, Completed," May 12, 2024", 119 min, United States, Movie, Ric Roman Waugh," Ali Fazal, Gerard Butler, Navid Negahban", 1
37,Godzilla x Kong: The New Empire (2024),"Film terbaru dari franchise Monsterverse ini menindaklanjuti pertarungan eksplosif Godzilla vs. Kong dengan sebuah petualangan sinematik baru, yang mempertemukan Kong yang perkasa dan Godzilla yang menakutkan dengan ancaman kolosal yang belum pernah ditemukan yang tersembunyi di dalam dunia kita, yang menantang eksistensi mereka – dan eksistensi kita. Film baru yang epik ini akan menggali lebih jauh tentang sejarah para Titan ini, asal-usul mereka, dan misteri Pulau Tengkorak dan sekitarnya, sembari mengungkap pertarungan mitos yang membantu menempa makhluk-makhluk luar biasa ini dan mengikat mereka dengan umat manusia selamanya.","Action,Adventure,Fantasy",https://oppadrama.art/wp-content/uploads/2024/05/Godzilla-x-Kong-The-New-Empire-2024.webp, Completed," May 12, 2024", 115 min, United States, Movie, Adam Wingard," Brian Tyree Henry, Dan Stevens, Rebecca Hall", 1
38,Dawn of the Planet of the Apes (2014),"Sepuluh tahun setelah flu simian memusnahkan sebagian besar manusia di dunia, simpanse Caesar (Andy Serkis) yang telah disempurnakan secara genetis dan kelompok pengikutnya yang terus bertambah telah membentuk koloni yang berkembang di luar San Francisco, di Muir Woods. Sementara itu, sekelompok kecil manusia yang selamat muncul, yang memaksa Caesar – sebagai pemimpin – untuk bergulat dengan tantangan ganda untuk melindungi rakyatnya dan membangun kembali hubungan dengan populasi manusia yang tersisa – yang terakhir adalah keinginan rahasia Caesar.","Action,Adventure,Drama",https://oppadrama.art/wp-content/uploads/2024/05/Dawn-of-the-Planet-of-the-Apes-2014.webp, Completed," May 12, 2024", 130 min," Canada, United Kingdom, United States", Movie, Matt Reeves," Andy Serkis, Gary Oldman, Keri Russell", 1
39,Rise of the Planet of the Apes (2011),"Will Rodman (James Franco), seorang ilmuwan di San Fransisco, bereksperimen dengan sebuah obat yang ia harapkan dapat menyembuhkan penyakit Alzheimer yang diderita ayahnya (John Lithgow). Setelah karyanya dianggap gagal, Will menjadi wali dari Caesar, seekor bayi simpanse yang terpapar obat buatan Will. Caesar menunjukkan kecerdasan yang tidak biasa, dan Will memutuskan untuk melanjutkan eksperimennya secara diam-diam. Namun, seiring dengan kecerdasan dan kemampuan Caesar yang semakin berkembang, ia menjadi ancaman bagi kekuasaan manusia di Bumi.","Action,Drama,Sci-Fi",https://oppadrama.art/wp-content/uploads/2024/05/Rise-of-the-Planet-of-the-Apes-2011.webp, Completed," May 12, 2024", 105 min," Canada, United Kingdom, United States", Movie, Rupert Wyatt," Andy Serkis, Freida Pinto, James Franco", 1
40,I Live Alone,Program ini untuk mengenang kehidupan sehari-hari para selebriti dan membentuk simpati yang unik di antara para lajang di Korea Selatan dengan menampilkan kehidupan selebriti tanpa penyaringan yang berarti.,"Comedy,Family,Food,Friendship,Life",https://oppadrama.art/wp-content/uploads/2024/02/I-Live-Alone-2013.webp, Ongoing," February 12, 2024", 1 hr. 20 min., South Korea, TV Show,-," Han Hye Jin, Henry Lau, Kian84, Lee Si Eon, Park Na Rae, Sung Hoon", 580
41,The Ministry of Ungentlemanly Warfare (2024),"Berdasarkan berkas-berkas yang baru saja dideklasifikasi dari Departemen Perang Inggris dan terinspirasi dari kejadian nyata, THE MINISTRY OF UNGENTLEMANLY WARFARE adalah sebuah film aksi-komedi yang mengisahkan tentang organisasi pasukan khusus yang pertama kali dibentuk pada masa Perang Dunia II oleh Perdana Menteri Inggris, Winston Churchill, dan sekelompok kecil pejabat militer, termasuk pengarang Ian Fleming. Unit tempur rahasia ini, yang terdiri dari berbagai macam kru yang terdiri dari para penyamun dan pemberontak, menjalankan misi berani melawan Nazi dengan menggunakan teknik bertarung yang sama sekali tidak konvensional dan “tidak jantan”. Pada akhirnya, pendekatan mereka yang berani mengubah jalannya perang dan meletakkan dasar bagi SAS Inggris dan perang Black Ops modern.","Action,Drama,War",https://oppadrama.art/wp-content/uploads/2024/05/The-Ministry-of-Ungentlemanly-Warfare-2024.webp, Completed," May 11, 2024", 120 min," Turkey, United Kingdom, United States", Movie, Guy Ritchie," Alan Ritchson, Alex Pettyfer, Henry Cavill", 1
42,Only the Brave (2017),"Melalui harapan, tekad, pengorbanan, dan dorongan untuk melindungi keluarga dan masyarakat, Granite Mountain Hotshots menjadi salah satu tim pemadam kebakaran paling elit di negara ini. Ketika kebanyakan orang lari dari bahaya, mereka justru berlari ke arah bahaya – menjaga nyawa, rumah, dan semua yang mereka sayangi, menjalin persaudaraan unik yang menjadi fokus dengan satu kebakaran yang menentukan di Yarnell, Arizona.","Action,Biography,Drama",https://oppadrama.art/wp-content/uploads/2024/05/Only-the-Brave-2017.webp, Completed," May 11, 2024", 134 min, United States, Movie, Joseph Kosinski," Jeff Bridges, Josh Brolin, Miles Teller", 1
43,"LaRoy, Texas (2023)","Dalam keadaan bangkrut dan tertekan, Ray (John Magaro) disangka sebagai pembunuh bayaran yang berbahaya dan diberi amplop berisi uang tunai. Bersama dengan teman P.I. nya, Skip (Steve Zahn), ia harus melarikan diri dari pembunuh bayaran yang sebenarnya agar dapat keluar dari LaRoy dalam keadaan hidup.","Comedy,Crime,Thriller",https://oppadrama.art/wp-content/uploads/2024/05/LaRoy-Texas-2023.webp, Completed," May 11, 2024", 112 min," France, United States", Movie, Shane Atkinson," Dylan Baker, John Magaro, Steve Zahn", 1
44,American Pie (1999),"Eksplorasi yang riuh dan cabul tentang ritual kedewasaan yang paling ditunggu-tunggu – dan paling memalukan, yang dikenal sebagai kehilangan keperawanan. Dalam pelajaran lucu tentang kehidupan, cinta, dan libido ini, sekelompok teman, yang muak dengan reputasi mereka yang memang pantas mereka dapatkan sebagai orang yang tidak bisa memuaskan hasrat seksual, memutuskan untuk bertindak.",Comedy,https://oppadrama.art/wp-content/uploads/2024/05/American-Pie-1999.webp, Completed," May 11, 2024", 95 min, United States, Movie," Chris Weitz, Paul Weitz"," Chris Klein, Jason Biggs, Thomas Ian Nicholas", 1
45,One Life (2023),"Berdasarkan buku If It’s Not Impossible…: The Life of Sir Nicholas Winton oleh Barbara Winton, ONE LIFE menceritakan kisah nyata yang luar biasa dan emosional tentang Nicholas ‘Nicky’ Winton (Johnny Flynn), seorang pialang muda asal London yang mengunjungi Praha pada bulan Desember 1938. Dalam perlombaan melawan waktu, Winton meyakinkan Trevor Chadwick (Alex Sharp) dan Doreen Warriner (Romola Garai) dari Komite Pengungsi Inggris di Cekoslowakia untuk menyelamatkan ratusan anak-anak yang sebagian besar adalah orang Yahudi sebelum pendudukan Nazi menutup perbatasan. Lima puluh tahun kemudian, Nicky (Anthony Hopkins) dihantui oleh nasib anak-anak yang tidak dapat ia bawa ke tempat yang aman di Inggris. Baru setelah acara BBC “That’s Life!” memperkenalkannya kembali pada beberapa orang yang ia bantu selamatkan, ia akhirnya mulai berdamai dengan rasa bersalah dan kesedihan yang ia pikul – sekaligus meroket dari anonimitas menjadi pahlawan nasional.","Biography,Drama,History",https://oppadrama.art/wp-content/uploads/2024/05/One-Life-2023.webp, Completed," May 10, 2024", 109 min, United Kingdom, Movie, James Hawes," Anthony Hopkins, Johnny Flynn, Lena Olin",-
46,Slyth: The Hunt Saga (2023),"Setelah kebakaran hutan yang mematikan melanda bumi dan memenuhi udara dengan polutan, masyarakat berada di ambang kehancuran dan penuh dengan penyakit. Satu-satunya harapan tampaknya ada pada legenda yang menjadi nyata: yaitu Slyth, spesies reptil yang dapat menyamar sebagai manusia dan memiliki darah yang dapat menyembuhkan penyakit. Perburuan dimulai.","Action,Romance",https://oppadrama.art/wp-content/uploads/2024/05/Slyth-The-Hunt-Saga-2023.webp, Completed," May 10, 2024", 1 hr. 39 min., Thailand, Movie, Peed Panchapong Kongkanoi," Cooper Patpasit Na Songkhla, Frame Supakchaya Sukbaiyen, kchaya Sukbaiyen, Luke Ishikawa, Luke Ishikawa Plowden, Mook Mookda Narinrak, Peak Peemapol Panichtamrong, Poy Kritsanapong Soonthornchatchawet",-
47,Mother of the Bride (2024),"Putri Lana, Emma, kembali dari luar negeri dan menyampaikan sebuah kabar mengejutkan: dia akan menikah. Di Thailand. Sebulan lagi! Keadaan semakin memburuk ketika Lana mengetahui bahwa pria yang memikat hati Emma adalah putra dari pria yang menghancurkan hatinya bertahun-tahun yang lalu.","Comedy,Drama,Romance",https://oppadrama.art/wp-content/uploads/2024/05/Mother-of-the-Bride-2024-1.webp, Completed," May 10, 2024", 88 min, United States, Movie, Mark Waters," Benjamin Bratt, Brooke Shields, Miranda Cosgrove",-
48,Macbeth (2015),"Setelah membunuh Raja Duncan (David Thewlis) dan merebut takhta, Macbeth (Michael Fassbender) diliputi rasa bersalah dan paranoid sebagai penguasa tirani di Skotlandia.","Drama,History,War",https://oppadrama.art/wp-content/uploads/2024/05/Macbeth-2015.webp, Completed," May 10, 2024", 113 min," France, United Kingdom, United States", Movie, Justin Kurzel," Jack Madigan, Marion Cotillard, Michael Fassbender",-
49,Expend4bles (2023),"Sebuah generasi baru dari para bintang bergabung dengan para bintang laga papan atas dunia untuk sebuah petualangan yang memacu adrenalin dalam Expend4bles. Bersatu kembali sebagai tim tentara bayaran elit, Jason Statham, Dolph Lundgren, Randy Couture, dan Sylvester Stallone untuk pertama kalinya bergabung dengan Curtis “50 Cent” Jackson, Megan Fox, Tony Jaa, Iko Uwais, Jacob Scipio, Levy Tran, dan Andy Garcia. Berbekal semua senjata yang mereka miliki dan keterampilan untuk menggunakannya, The Expendables adalah garis pertahanan terakhir di dunia dan tim yang dipanggil ketika semua pilihan lain tidak ada. Namun, anggota tim yang baru dengan gaya dan taktik baru akan memberikan “darah baru” yang benar-benar baru.","Action,Adventure,Thriller",https://i3.wp.com/oppadrama.art/wp-content/uploads/2024/05/Expend4bles-2023.jpg, Completed," May 10, 2024", 103 min, United States, Movie, Scott Waugh," 50 Cent, Jason Statham, Megan Fox",-
50,All Fun and Games (2023),"Film produksi ABGO dari Russo Brothers yang dibintangi oleh Natalia Dyer dan Asa Butterfield, All Fun and Games mengeksplorasi elemen kekejaman yang melekat pada permainan anak-anak – Flashlight Tag, Hangman, Hide & Seek – dan apa yang terjadi saat permainan tersebut berjalan terlalu jauh. Ketika sekelompok remaja menemukan pisau terkutuk di hutan, mereka melepaskan iblis jahat yang tidak akan berhenti sampai ia merenggut nyawa dan jiwa mereka dalam sebuah pertandingan maut yang menakutkan.","Horror,Thriller",https://oppadrama.art/wp-content/uploads/2024/05/All-Fun-and-Games-2023.webp, Completed," May 10, 2024", 76 min," Canada, United Kingdom, United States", Movie," Ari Costa, Eren Celeboglu"," Asa Butterfield, Benjamin Evan Ainsworth, Natalia Dyer",-
51,Shaitaan (2024),"Liburan sebuah keluarga berubah menjadi mengerikan ketika seorang penyusup merasuki tubuh anak perempuan remaja, membuatnya bergantung pada perintahnya yang semakin jahat.","Horror,Thriller",https://oppadrama.art/wp-content/uploads/2024/05/Shaitaan-2024.webp, Completed," May 9, 2024", 132 min, India, Movie, Vikas Bahl," Ajay Devgn, Janki Bodiwala, Jyotika",-
52,Chief of Station (2024),"Ben adalah mantan kepala stasiun CIA yang dunianya runtuh setelah istrinya, seorang mantan agen rahasia, meninggal dalam sebuah kecelakaan yang mengerikan. Tak lama kemudian, sebuah pesan samar mengirimnya kembali ke dunia gelap Eropa Timur, bekerja sama dengan mantan musuhnya untuk mengungkap konspirasi yang menantang semua yang dia pikir dia ketahui tentang istrinya dan agensi tempatnya bekerja.","Action,Thriller",https://oppadrama.art/wp-content/uploads/2024/05/Chief-of-Station-2024.webp, Completed," May 9, 2024",-, United States, Movie, Jesse V. Johnson," Aaron Eckhart, Alex Pettyfer, Olga Kurylenko",-
53,Destiny 2024,"Ketika Nishimura Kanade masih duduk di bangku kelas 3 SMP, ayahnya, yang bekerja sebagai jaksa, meninggal dunia dalam sebuah insiden. Setelah kematian ayahnya, ia dan ibunya pindah ke kampung halaman ibunya di Prefektur Nagano. Nishimura Kanade ingin menjadi seorang jaksa seperti ayahnya, dan ia masuk ke sekolah hukum di sebuah universitas nasional di Prefektur Nagano. Di sana, ia memiliki 4 orang teman, termasuk Nogi Masaki. Mereka menjadi teman yang sangat dekat dan berbagi pengalaman yang tak terlupakan bersama. Karena sebuah kasus yang melibatkan kematian, hubungan mereka berakhir. 12 tahun kemudian, Nishimura Kanade kini berusia 35 tahun dan bekerja sebagai jaksa di Kantor Kejaksaan Negeri Yokohama. Pacarnya adalah Okuda Takashi, yang bekerja sebagai dokter, dan mereka tinggal bersama. Suatu hari, salah satu teman sekelasnya di sekolah hukum, yang menghilang setelah kasus kematian, muncul di depannya. Nishimura Kanade harus menghadapi kasus kematian yang mencurigakan dari masa sekolah hukumnya. Hal ini menuntunnya untuk memeriksa kebenaran di balik kematian ayahnya dari 20 tahun yang lalu dan juga wajah-wajah rahasia teman-temannya.","Mystery,Romance,Thriller",https://oppadrama.art/wp-content/uploads/2024/04/Destiny-2024.webp, Ongoing," April 19, 2024", 54 min., Japan, Drama," Hoshino Kazunari, Shinjo Takehiko"," Ando Masanobu, Ishihara Satomi, Kamenashi Kazuya, Miyazawa Emma, Tanaka Minami, Yamoto Yuma", 10
54,Kick a Goal,"Tim sepak bola wanita terdiri dari selebritas dan non-selebriti, bekerja sama untuk bertarung di lapangan sepak bola. Sebagian besar memiliki sedikit pengalaman sepak bola, tetapi dengan pelatihan dari berbagai legenda sepak bola Korea, anggota tim tumbuh dengan semangat yang mengarah pada kemenangan yang menginspirasi dan kekalahan yang menyedihkan. Setiap tim dikelompokkan berdasarkan tipe tertentu yaitu komedian, model, orang asing, aktris, dll. Tidak dapat diprediksi dan mengasyikkan, permainannya dipenuhi dengan intensitas kesenangan dan emosi yang tinggi. Dipimpin oleh Oh Na Mi dan Park Sun Young, yang menunjukkan kapasitas luar biasa selama uji coba terakhir, para pemain kembali sekali lagi dengan keterampilan yang ditingkatkan. Selebriti yang bersungguh-sungguh dalam hal sepak bola dan pahlawan Piala Dunia Korea sebagai staf pelatih berkumpul untuk menghadirkan kesenangan dan inspirasi bagi sepak bola wanita. Tim diatur dengan pemain yang lebih kuat, pelatihan sistematis, dan pembinaan. Pertandingan besar yang menarik menuju kemenangan diharapkan.",Sports,https://i2.wp.com/oppadrama.art/wp-content/uploads/2024/02/Kick-A-Goal-2021.jpg, Ongoing," February 8, 2024", 1 hr. 40 min., South Korea, TV Show,-," Han Chae Ah, Kim Byung Ji, Lee Chun Soo, Lee Soo Geun, Nam Hyun Hee, Shin Bong Sun",-
55,Kimi ga Kemono ni Naru Mae ni,"Pada akhir tahun, sebuah serangan teror gas beracun terjadi di sebuah stasiun terminal di Tokyo. Jumlah korban serangan teror ini terkait dengan “jumlah binatang buas” dan kasus ini diberi nama “The Beast”. Orang yang melakukan serangan tersebut adalah seorang aktris populer berusia 25 tahun, Kotone Kido, yang meninggal di stasiun terminal. Kotone Kido memiliki teman masa kecil bernama Hajime Kanzaki. Mereka tidak memiliki hubungan darah, tetapi mereka sangat dekat seperti kakak dan adik. Sekarang, Hajime Kanzaki berusia 33 tahun dan bekerja sebagai pengurus rumah tangga. Dia ingin mencari tahu mengapa teman masa kecilnya melakukan pembunuhan massal, siapa yang membuatnya melakukan hal itu, dan apakah ada kemungkinan dia bisa dihentikan. Saat dia menyelidiki, dia dibunuh oleh seseorang. Pada saat itu, dia melakukan perjalanan ke masa lalu dan bertemu kembali dengan Kotone Kido.","Fantasy,Mystery,Thriller",https://i0.wp.com/oppadrama.art/wp-content/uploads/2024/04/Kimi-ga-Kemono-ni-Naru-Mae-ni-2024.jpg, Ongoing," April 17, 2024", 40 min., Japan, Drama," Kakuda Kyoya, Matsumoto Taku"," Asato Mari, Kitayama Hiromitsu, Matsumoto Taku, Motohashi Keita, Shimizu Masashi", 10
56,The Return of Superman,"Ayah selebriti dibiarkan merawat anak-anak mereka sendirian selama 48 jam tanpa bantuan siapa pun, sementara istri mereka meninggalkan rumah untuk menikmati waktu istirahat santai. Para istri ditampilkan meninggalkan rumah sebelum 48 jam dimulai dan kembali untuk menyambut keluarga mereka setelah 48 jam berakhir. Selama 48 jam, para ayah dan anak-anak melakukan tugas yang telah ditulis istri untuk diselesaikan para ayah atau para ayah mengeksplorasi aktivitas baru bersama anak-anak mereka. Sesekali teman-teman selebriti para ayah akan mampir untuk berinteraksi dengan anak-anak.","Comedy,Family,Life",https://oppadrama.art/wp-content/uploads/2024/02/The-Return-of-Superman-2013.webp, Ongoing," February 9, 2024", 1 hr. 40 min., South Korea, TV Show,-," Fujita Sayuri, Lee Chun Soo, Park Hyun Bin, Park Joo Ho, Sam Hammington, Yoon Sang Hyun", 400
57,Teasing Master Takagi-san 2024,"Takagi suka menggoda, dan korbannya tidak lain adalah teman sekelasnya, Nishikata. Dia tahu betul tentang Nishikata sehingga hampir tidak mungkin untuk membalasnya. Namun hal ini tidak akan menyurutkan semangat Nishikata yang selalu mencari kesempatan untuk memberi Takagi kesempatan untuk membalas dendam.","Comedy,Life,Youth",https://oppadrama.art/wp-content/uploads/2024/05/Teasing-Master-Takagi-san-2024.webp, Ongoing," May 1, 2024", 30 min., Japan, Drama, Imaizumi Rikiya," Eguchi Yosuke, Hayase Ikoi, Kawajiri Takuya, Kurokawa Souya, Morinaga Rea, Tsukishima Rui", 10
58,Love Is like a Cat,"Ketika superstar global Piuno diancam oleh mereka yang ingin melihat dia direndahkan, hanya ada satu hal yang bisa dia lakukan untuk menyelamatkan reputasi dan kariernya: bekerja di tempat penitipan hewan. Mengesampingkan ketidaksukaannya terhadap hewan, Piuno mulai bekerja bersama direktur penitipan anak, Dae Byeol, yang membantunya menemukan cara untuk mengatasi trauma yang pertama kali mengilhami kebenciannya terhadap hewan. Saat hatinya mulai melunak, perasaan tak terduga terhadap Dae Byeol mulai muncul. Mungkinkah hubungan kerja mereka saat ini akan berkembang menjadi sesuatu yang lebih?","Comedy,Romance",https://oppadrama.art/wp-content/uploads/2024/04/Love-Is-like-a-Cat-2024.webp, Completed," April 22, 2024", 15 min., South Korea, Drama, Kwon Nam Ki," Geonu, JM, Kim Kyoung Seok, Mew Suppasit Jongcheveevat", 12
59,Beauty and Mr. Romantic,"Park Do Ra merupakan seseorang perempuan yang pintar serta berani dengan karakter yang menantang yang jadi aktris papan atas sebab ibunya, Baek Mi Ja, berkata kalau itu merupakan satu-satunya metode buat keluar dari kemiskinan. Sehabis memperoleh ketenaran serta kekayaan selaku bintang papan atas, yang mau dicoba Do Ra cumalah istirahat serta menikmati kekayaannya, namun ibunya terus memunculkan permasalahan Mi Ja senantiasa menghiasi dirinya dengan kemewahan, apalagi melebihi bintang papan atas manapun, berkat kesuksesan Do Ra. Tetapi Mi Ja menginginkan lebih. Do Ra tidak bisa menanggulangi jadwalnya yang padat sebab kemauan Mi Ja serta mau menyudahi dari drama barunya “Straightforward Romance,” namun ia tidak dapat sebab ia berjumpa dengan cinta pertamanya, Go Kapsul Sung, asisten sutradara.","Drama,Family,Melodrama,Romance",https://oppadrama.art/wp-content/uploads/2024/04/Beauty-and-Mr.-Romantic-2024.webp, Ongoing," April 22, 2024", 1 hr. 20 min., South Korea, Drama, Hong Seok Goo," Go Yoon, Im Soo Hyang, Ji Hyun Woo, Lee Il Hwa, Lee Young Eun, Park Sang Won", 50
60,Eye Love You,"Setelah mengalami kecelakaan, Motomiya Yuri dapat mendengar suara hati orang lain ketika dia menatap mata mereka. Karena kemampuan telepati ini, Yuri mendengar perasaan orang yang sebenarnya yang tidak ingin dia ketahui, dan dia sering terluka secara diam-diam. Dia menjadi takut mengetahui perasaan orang lain yang sebenarnya, dan dia juga menjadi takut menunjukkan perasaannya yang sebenarnya kepada orang lain. Dia tidak mendekati orang lain jika tidak perlu dan menyerah untuk jatuh cinta. Suatu hari, Yuri bertemu dengan Yoon Tae Oh, seorang siswa Korea yang lebih muda. Tae Oh memiliki kepribadian yang cerah dan ramah dan dicintai oleh semua orang di sekitarnya karena kepolosannya. Dia lugas dan sangat murni dalam hal cinta. Ketika dia melakukan kontak mata dengannya, dia mendengar pikiran dan suara batinnya, tetapi dalam bahasa Korea! Dengan Tae Oh, ia mulai berpikir bahwa cinta yang telah ia tinggalkan mungkin masih mungkin terjadi. Akankah kehadiran Tae Oh yang cerah dan lugas dapat meluluhkan hati Yuri yang tertutup dan tidak dapat mengungkapkan perasaannya yang sebenarnya?","Comedy,Fantasy,Romance",https://i0.wp.com/oppadrama.art/wp-content/uploads/2024/02/Eye-Love-You-2024.jpg, Completed," February 12, 2024", 57 min., Japan, Drama," Fukuda Ryosuke, Okamoto Shingo"," Chae Jong Hyeop, Nakagawa Taishi, Nikaido Fumi, Sugimoto Tetta, Tatekawa Shiraku, Yamashita Mizuki", 10
61,Will Love in Spring,"Chen Mai Dong dulunya adalah seorang pemuda pemberontak, namun setelah mengalami peristiwa yang mengubah hidupnya, dia memilih untuk menjadi penata rias pemakaman. Zhuang Jie menjadi cacat karena kecelakaan mobil, tetapi dia bekerja keras dan menjadi elit karier di kota besar untuk mengejar diri yang lebih baik. Salah satunya adalah penata rias pemakaman dengan kepribadian pemberontak tetapi kesepian secara emosional dan fisik; yang lainnya adalah penjual medis yang berani dan mempesona dengan cacat fisik. Melalui perjuangan yang terus-menerus, mereka secara bertahap memahami dan menghormati satu sama lain, menyembuhkan “ketidaksempurnaan” satu sama lain dengan cinta.","Drama,Family,Life,Romance",https://oppadrama.art/wp-content/uploads/2024/05/Will-Love-in-Spring-2024.webp, Completed," May 4, 2024", 40 min., China, Drama, Liang Cheng," Li Xian, Sun Yan Xiang, Wu Jun Ting, Xiao Yang, Zhang Xi Wei, Zhou Yu Tong", 21
62,Nothing Uncovered,"Reporter KBM Seo Jung Won dikenal sebagai Pemburu Penjahat. Acaranya, “Nothing Uncovered,” melaporkan tentang penjahat yang memprovokasi publik, dan komentarnya yang tajam membuat acara ini populer, membuat Jung Won menjadi reporter ternama. Namun, ia terlibat dalam insiden menggemparkan yang menyeretnya ke titik terendah, dan ia harus bekerja sama dengan mantan kekasihnya, Kim Tae Heon. Tae Heon adalah seorang detektif di Kantor Polisi Gangha, dan ia harus melakukan segala sesuatunya dengan caranya sendiri. Ia bertemu dengan Jung Won saat menyelidiki sebuah kasus dan menjadi bingung dengan pertemuan mereka. Woo Jae adalah suami Jung Won, dan dia adalah seorang penulis misteri terkenal dari keluarga kaya. Meskipun dia adalah seorang pria romantis yang bersedia melakukan apa saja untuk Jung Won, dia diam-diam memendam hatinya yang terluka. Dan sekarang, ketiganya terlibat dalam pembunuhan berantai.","Drama,Melodrama,Mystery,Thriller",https://oppadrama.art/wp-content/uploads/2024/03/Nothing-Uncovered-2024.webp, Ongoing," March 27, 2024", 1 hr. 10 min., South Korea, Drama, Lee Ho Jae," Han Chae Ah, Jang Seung Jo, Jung Woong In, Kim Ha Neul, Yeon Woo Jin, Yoon Je Moon", 16
63,1000 Years Old,"Meskipun Pun yang penyendiri dan penuh teka-teki telah menjalani hidup yang sangat panjang, dia belum berusia lebih dari dua puluh lima tahun. Ya, Pun bukanlah manusia biasa. Dia memiliki darah vampir. Pun hidup sendiri, sederhana seperti orang pada umumnya. Suatu hari, ia bertemu dengan seorang siswa bernama Yo. Yo menjadi orang pertama yang dipercaya dan diterima Pun dalam hidupnya, dan-tanpa disadari-sesuatu yang disebut cinta mulai tumbuh di antara manusia dan vampir.","Comedy,Romance,Supernatural",https://oppadrama.art/wp-content/uploads/2024/02/1000-Years-Old-2024.webp, Completed," February 22, 2024", 44 min., Thailand, Drama, Champ Weerachit Thongjila," May Varisara Asawapattanakun, Mild Satita Sinsamnao, Opal Kritsapatorn Napawiwattanakul, Poon Mitpakdee, Shane Nutchapol Cheevapanyaroj, YourMOOD", 12
64,Knuckles,Knuckles memulai perjalanan pencarian jati diri yang lucu dan penuh aksi saat ia setuju untuk melatih Wade sebagai anak didiknya dan mengajarinya cara-cara prajurit Echidna.,"Action,Adventure,Comedy,Family",https://oppadrama.art/wp-content/uploads/2024/05/Knuckles-2024.webp, Completed," May 1, 2024",-, USA, Drama," John Whittington, Toby Ascher"," Adam Pally, Idris Elba", 6
65,Sayonara Maestro: Chichi to Watashi no Appassionato,"Sejak berusia 20-an, Natsume Shunpei adalah seorang maestro terkenal di dunia dan tinggal di luar negeri, sambil bekerja dengan orkestra-orkestra terkenal. Dia selalu bersemangat tentang musik dan hasratnya menginspirasi musisi lain. Namun, Natsume Shunpei tidak memiliki kemampuan di luar musik. Dia tidak dapat melakukan hal-hal sederhana seperti pekerjaan rumah tangga. Hidupnya hanya terfokus pada dirinya sendiri dan musiknya. Sesuatu terjadi yang mengubah hidup Natsume Shunpei. Karena kejadian itu, keluarganya, termasuk putrinya Natsume Hibiki, meninggalkannya dan dia meninggalkan dunia musik. 5 tahun kemudian, Natsume Shunpei kembali ke Jepang untuk pertama kalinya dalam beberapa dekade untuk memimpin sebuah orkestra di sebuah provinsi. Dia bertemu dengan putrinya, Hibiki, yang tidak pernah dia temui selama 5 tahun dan mereka mulai hidup bersama. Tidak seperti ayahnya, Natsume Hibiki membenci musik dan menjalani hidupnya tanpa musik. Kemampuan jenius ayahnya dalam bermusik mengaburkan pandangannya di luar musik dan dia tidak menyadari perasaan putrinya. Natsume Shunpei menghadapi Hibiki sebagai ayahnya dan kehidupannya, yang berhenti 5 tahun yang lalu, perlahan-lahan mulai bergerak kembali.","Comedy,Family,Life,Music",https://oppadrama.art/wp-content/uploads/2024/02/Sayonara-Maestro-Chichi-to-Watashi-no-Appassionato-2024.webp, Completed," February 4, 2024", 54 min., Japan, Drama," Ishii Yasuharu, Tsuboi Toshio"," Araki Yuko, Ashida Mana, Ishida Yuriko, Miyazawa Hio, Nishijima Hidetoshi, Tamayama Tetsuji", 10
66,In the Name of the Brother,"Berlatar di Harbin di bawah rezim boneka Manchukuo pada tahun 1944, Song Zhuo Wen, seorang anggota partai bawah tanah yang menyamar sebagai polisi kereta api, secara keliru diidentifikasi oleh kepala departemen mata-mata, Guan Xue, sebagai penyelamatnya-tetapi sebenarnya adalah saudara kembar Zhuo Wen yang telah lama hilang, Song Zhuo Wu. Untuk mengungkap misi utama perwira Angkatan Darat Kwantung, Asano Daigo di Harbin, Zhuo Wen memutuskan untuk menggunakan Guan Xue untuk menyusup ke dalam departemen mata-mata, tetapi kemunculan Zhuo Wu yang tiba-tiba menjerumuskannya ke dalam masalah yang tak terduga. Guan Xue berdarah dingin dan mencurigakan, kejam dan kejam, sementara Zhuo Wu pada dasarnya impulsif, sering kali secara tidak sengaja menyabotase operasi Zhuo Wen. Hanya melalui pengaturan atasan mereka, kedua bersaudara ini dapat bekerja sama dan saling melindungi, menghindari pertikaian terbuka dan terselubung di antara rekan-rekan mereka di departemen mata-mata dan akhirnya mendapatkan kepercayaan dari Guan Xue dan para pejabat Jepang. Dalam waktu satu tahun yang singkat ini, para anggota partai bawah tanah menanggung kesulitan untuk mengungkap dan menghentikan operasi rahasia yang dikonspirasikan oleh tentara Jepang dan Uni Soviet, membasmi mata-mata boneka Manchukuo di dalam partai mereka, dan menyambut kemenangan akhir perang.","Historical,Mystery,Political,Thriller",https://oppadrama.art/wp-content/uploads/2024/04/In-the-Name-of-the-Brother-2024.webp, Ongoing," April 22, 2024", 45 min., China, Drama, Zhang Li," Jiang Qi Ming, Luan Yuan Hui, Qin Hao, Song Yun Hao, Yang Mi, Zhang Zi Xian", 40
67,Hide,"Na Moon Young menikah dengan Cha Sung Jae, namun Cha Sung Jae tiba-tiba menghilang. Na Moon Young berusaha mencari suaminya dan mengungkap rahasia di balik hilangnya sang suami. Sementara itu, Ha Yeon Joo bertetangga dengan Na Moon Young. Ada juga seorang pria misterius bernama Do Jin Woo yang memegang kunci rahasia hilangnya Cha Sung Jae.","Drama,Mystery,Thriller",https://oppadrama.art/wp-content/uploads/2024/04/Hide-2024.webp, Completed," April 21, 2024", 60 min., South Korea, Drama, Kim Dong Hwi," Jo Eun Sol, Kim Sang Ho, Lee Bo Young, Lee Chung Ah, Lee Min Jae, Lee Moo Saeng", 12
68,Cash Out (2024),"Dalam film thriller yang menegangkan ini, John Travolta berperan sebagai Mason, pemimpin kru pencuri kelas atas yang berhenti untuk selamanya setelah sebuah pengkhianatan membuat mereka nyaris berurusan dengan hukum. Namun ketika ia terlibat dalam rencana licik adiknya, Shawn, untuk merampok bank – dan tergoda oleh apa yang bisa jadi merupakan nilai terbesar yang pernah ia dapatkan – Mason kembali ke cara lamanya. Kemudian pencurian menjadi kacau, dan para pencuri terjebak di dalam bank dengan para sandera sementara dikelilingi oleh tim SWAT, FBI, dan Interpol. Di antara pihak berwenang yang menunggu untuk menangkap para kru, ada seseorang yang sangat dikenal Mason: negosiator utama Decker (Kristin Davis) – mantan kekasih Mason.",Action,https://oppadrama.art/wp-content/uploads/2024/04/Cash-Out-2024.webp, Completed," April 30, 2024", 92 min, United States, Movie, Ives," John Travolta, Kristin Davis, Lukas Haas",-
69,Dr. Cheon and Lost Talisman (2023),"Cheon, seorang pengusir hantu palsu yang tidak dapat mendengar atau melihat hantu, namun dapat menyelesaikan semua jenis kasus dengan wawasan hantunya, menerima kontrak untuk kasus kerasukan yang belum pernah ia lihat sebelumnya.","Crime,Fantasy,Horror,Mystery",https://i1.wp.com/oppadrama.art/wp-content/uploads/2024/03/Dr.-Cheon-and-Lost-Talisman-2023.jpg, Completed," March 5, 2024", 1 hr. 38 min., South Korea, Movie,-," Esom, Heo Joon Ho, Kang Dong Won, Kim Jong Soo, Lee Dong Hwi, Park So Yi", 1
70,Dream Scenario (2023),"Seorang pria keluarga yang malang, Paul Matthews (Nicolas Cage), mendapati hidupnya terbalik ketika jutaan orang asing tiba-tiba mulai melihatnya dalam mimpi. Namun ketika penampakan di malam hari berubah menjadi mimpi buruk, Paul dipaksa untuk menavigasi ketenaran barunya, dalam komedi yang sangat menghibur dari penulis-sutradara Kristoffer Borgli (Sick of Myself) dan produser Ari Aster.","Comedy,Horror",https://oppadrama.art/wp-content/uploads/2024/04/Dream-Scenario-2023.webp, Completed," April 30, 2024", 102 min, United States, Movie, Kristoffer Borgli," Julianne Nicholson, Lily Bird, Nicolas Cage", 1
71,Yodha (2024),"Setelah teroris membajak sebuah pesawat penumpang, seorang tentara yang sedang tidak bertugas di dalam pesawat merancang strategi untuk mengalahkan para pembajak dan memastikan kelangsungan hidup para penumpang ketika mesin pesawat mati.","Action,Drama,Thriller",https://oppadrama.art/wp-content/uploads/2024/04/Yodha-2024.webp, Completed," April 30, 2024", 130 min, India, Movie," Pushkar Ojha, Sagar Ambre"," Disha Patani, Raashi Khanna, Sidharth Malhotra", 1
72,Gurren Lagann the Movie: The Lights in the Sky are Stars (2009),"Manusia telah menikmati kehidupan mereka yang mewah, damai, dan makmur selama tujuh tahun sejak hari ketika Raja Spiral yang maha kuasa dikalahkan – hari di mana mereka merebut kembali tanah air mereka, Bumi. Namun, anugerah gaya hidup ini membuat mereka tidak siap ketika sebuah ancaman yang tidak diketahui dan tidak bersahabat muncul karena populasi manusia yang terus bertambah. Bencana ini adalah Anti-Spiral-musuh yang menakutkan dengan kekuatan yang tak tertandingi.","Action,Animation,Drama",https://oppadrama.art/wp-content/uploads/2024/04/Gurren-Lagann-the-Movie-The-Lights-in-the-Sky-Are-Stars-2009.webp, Completed," April 30, 2024", 126 min, Japan, Movie," Hiroshi Ikehata, Hiroyuki Imaishi, Yasuhiro Geshi"," Brianne Brozey, G.K. Bowes, Johnny Yong Bosch", 1
73,The Mitchells vs. the Machines (2021),"Katie Mitchell muda memulai perjalanan bersama orang tua, adik laki-laki, dan anjing kesayangannya untuk memulai tahun pertamanya di sekolah film. Namun, rencana mereka untuk menjalin ikatan sebagai sebuah keluarga segera terganggu ketika perangkat elektronik di dunia menjadi hidup untuk melakukan pemberontakan. Dengan bantuan dari dua robot yang bersahabat, keluarga Mitchell sekarang harus bersatu untuk menyelamatkan satu sama lain – dan planet ini – dari revolusi teknologi baru.","Adventure,Animation,Comedy",https://oppadrama.art/wp-content/uploads/2024/04/The-Mitchells-vs.-the-Machines-2021.webp, Completed," April 30, 2024", 114 min," Canada, Hong Kong, United Kingdom, United States", Movie," Jeff Rowe, Michael Rianda"," Abbi Jacobson, Danny McBride, Maya Rudolph", 1
74,Knowing Bros,"Ini adalah program acara bincang-bincang sitkom di sekolah. Di setiap episode, tamu selebriti baru muncul sebagai siswa pindahan di ‘Brother School’ di mana tujuh siswa bersaudara yang nakal menunggu mereka. Pertunjukan terdiri dari beberapa sesi dinamis. Dalam ‘Guess About Me,’ tamu selebriti membuat pertanyaan rahasia dan acak tentang diri mereka sendiri. Kemudian pembawa acara bernama ‘Knowledgeable Bros’ membuat tebakan lucu untuk mendapatkan jawabannya. Sesi lainnya adalah ‘Bros Inside’, sebuah pertunjukan drama komedi ad-lib, di mana penghibur hanya diberi latar untuk sebuah cerita dan harus menampilkan sandiwara ad-lib sepenuhnya.",Comedy,https://oppadrama.art/wp-content/uploads/2024/02/Knowing-Bros-2015.webp, Ongoing," February 26, 2024", 1 hr. 40 min., South Korea, TV Show, Yoo Woon Hyuk," Kang Ho Dong, Kim Hee Chul, Kim Young Chul, Lee Soo Geun, Min Kyung Hoon, Seo Jang Hoon", 320
75,The Escape of the Seven: Resurrection,"Melalui Insiden Bobble yang memulai balas dendam dan berakhir dengan darah, Do Hyuk menjadi pelakunya dan kehilangan nyawanya. Namun, dia tidak mati. Do Hyuk kembali dengan dendam yang membara untuk mengungkap identitas Matthew yang sebenarnya kepada semua orang. Kang Ki Tak dan ajudan tak dikenal yang menggunakan nama “Medusa” muncul untuk membantunya. Matthew tidak berniat untuk berhenti. Dengan identitas palsunya, Matthew membuat seluruh dunia tergila-gila padanya. Dia berusaha untuk menjadi lambang identitas palsunya dan mengambil alih Sungchan Group, perusahaan yang dibesarkan oleh ayahnya dengan nyawanya. Hanya dengan begitu balas dendamnya akan lengkap.","Drama,Mystery,Thriller",https://oppadrama.art/wp-content/uploads/2024/04/The-Escape-of-the-Seven-Resurrection-2024.webp, Ongoing," April 29, 2024", 1 hr. 10 min., South Korea, Drama," Oh Joon Hyuk, Oh Song Hee"," Hwang Jung Eum, Lee Joon, Lee Yoo Bi, Shin Eun Kyung, Uhm Ki Joon, Yoon Jong Hoon", 16
76,Missing Crown Prince,"Tipe masa Joseon dari komedi romantis tentang seseorang putra mahkota yang diculik oleh seseorang perempuan yang hendak jadi istrinya. Dalam pelarian buat menyelamatkan diri, romansa bersemi di antara keduanya.","Comedy,Historical,Romance",https://oppadrama.art/wp-content/uploads/2024/04/Missing-Crown-Prince-2024.webp, Ongoing," April 22, 2024", 60 min., South Korea, Drama, Kim Jin Man," Hong Ye Ji, Kim Joo Heon, Kim Min Kyu, Myung Se Bin, Suho, Yoo Se Rye", 20
77,Queen of Tears,"Baek Hyun Woo, yang merupakan kebanggaan desa Yongduri, adalah direktur hukum konglomerat Queens Group, sementara pewaris chaebol Hong Hae In adalah “ratu” dari department store Queens Group. “Queen of Tears” akan menceritakan kisah cinta yang ajaib, mendebarkan, dan lucu dari pasangan suami istri ini, yang berhasil selamat dari krisis dan tetap bersama melawan segala rintangan.","Comedy,Drama,Life,Romance",https://oppadrama.art/wp-content/uploads/2024/03/Queen-of-Tears-2024.webp, Completed," March 10, 2024", 1 hr. 10 min., South Korea, Drama," Jang Young Woo, Kim Hee Won"," Kim Gab Soo, Kim Ji Won, Kim Soo Hyun, Kwak Dong Yeon, Lee Joo Bin, Park Sung Hoon", 16
78,Goodbye Earth,"Sebuah asteroid akan menabrak Bumi dalam 200 hari dan menghancurkan planet ini. Dunia segera mengetahui berita tersebut dan jatuh ke dalam kebingungan. Jin Se Kyung bekerja sebagai guru sekolah menengah di Kota Woongchun. Dia mengetahui tentang kiamat yang akan datang. Dia memutuskan untuk berhenti dari pekerjaannya dan melakukan pekerjaan sukarela di divisi anak dan remaja di balai kota. Dia berjuang untuk menyelamatkan anak-anak yang berada dalam bahaya. Pacarnya selama bertahun-tahun adalah Ha Yoon Sang. Saat ini dia bekerja sebagai peneliti di sebuah lembaga penelitian bioteknologi di Amerika Serikat. Setelah berita kiamat dirilis, ia terbang kembali ke Korea Selatan untuk bersama Jin Se Kyung.","Drama,Psychological,Sci-Fi,Thriller",https://oppadrama.art/wp-content/uploads/2024/04/Goodbye-Earth-2024.webp, Completed," April 26, 2024",-, South Korea, Drama, Kim Jin Min," Ahn Eun Jin, Jeon Sung Woo, Kim Yoon Hye, Seo Ye Hwa, Yoo Ah In, Yoon Seo Ah", 12
79,Love Lies Bleeding (2024),"Dari sutradara Rose Glass, muncul kisah cinta baru yang menarik; manajer gym yang tertutup, Lou, jatuh cinta pada Jackie, seorang binaragawan ambisius yang pergi ke Vegas untuk mengejar mimpinya. Namun cinta mereka menyulut kekerasan, menarik mereka jauh ke dalam jaringan keluarga kriminal Lou.","Action,Adventure,Crime",https://oppadrama.art/wp-content/uploads/2024/04/Love-Lies-Bleeding-2024.webp, Completed," April 28, 2024", 104 min,-, Movie, Rose Glass," Anna Baryshnikov, Dave Franco, Kristen Stewart", 1
80,Alice Through the Looking Glass (2016),"Setelah menyelinap melalui cermin, Alice (Mia Wasikowska) menemukan dirinya kembali ke Underland bersama Ratu Putih (Anne Hathaway), Kucing Cheshire, Kelinci Putih, Tweedledee, dan Tweedledum. Teman-temannya memberi tahu bahwa Mad Hatter (Johnny Depp) sedang dalam keadaan kacau karena kehilangan keluarganya. Berharap untuk menyelamatkan orang-orang yang dicintainya, Alice mencuri Chronosphere dari Time (Sacha Baron Cohen) untuk pergi ke masa lalu. Di sana, ia bertemu dengan Hatter yang lebih muda dan Red Queen (Helena Bonham Carter) yang jahat.","Adventure,Family,Fantasy",https://oppadrama.art/wp-content/uploads/2024/04/Alice-Through-the-Looking-Glass-2016.webp, Completed," April 28, 2024", 113 min," Canada, India, Thailand, United Kingdom, United States", Movie, James Bobin," Helena Bonham Carter, Johnny Depp, Mia Wasikowska", 1
81,Gods of Egypt (2016),"Kelangsungan hidup umat manusia bergantung pada keseimbangan ketika Set (Gerard Butler), dewa kegelapan yang tak kenal ampun, merebut takhta Mesir dan menjerumuskan kekaisaran yang makmur ke dalam kekacauan dan konflik. Berharap untuk menyelamatkan dunia dan menyelamatkan cinta sejatinya, seorang manusia pemberontak bernama Bek (Brenton Thwaites) membentuk aliansi yang tidak mungkin dengan dewa Horus (Nikolaj Coster-Waldau) yang kuat. Pertarungan mereka melawan Set dan antek-anteknya membawa mereka ke alam baka dan melintasi langit untuk sebuah konfrontasi epik.","Action,Adventure,Drama",https://oppadrama.art/wp-content/uploads/2024/04/Gods-of-Egypt-2016.webp, Completed," April 28, 2024", 127 min," Australia, China, Hong Kong, United States", Movie, Alex Proyas," Brenton Thwaites, Gerard Butler, Nikolaj Coster-Waldau", 1
82,The Commuter (2018),"Seorang salesman asuransi, Michael, sedang dalam perjalanan pulang ke rumah, yang dengan cepat menjadi rutinitas. Setelah dihubungi oleh orang asing yang misterius, Michael dipaksa untuk mengungkap identitas seorang penumpang yang disembunyikan di kereta sebelum pemberhentian terakhir. Saat dia bekerja melawan waktu untuk memecahkan teka-teki tersebut, dia menyadari bahwa sebuah rencana mematikan sedang berlangsung, dan tanpa disadari dia terjebak dalam konspirasi kriminal yang membawa taruhan hidup dan mati bagi semua orang di kereta.","Action,Mystery,Thriller",https://oppadrama.art/wp-content/uploads/2024/04/The-Commuter-2018.webp, Completed," April 28, 2024", 104 min," Canada, China, France, United Kingdom, United States", Movie, Jaume Collet-Serra," Liam Neeson, Patrick Wilson, Vera Farmiga", 1
83,The Little Things (2021),"Wakil Sheriff Joe “Deke” Deacon bergabung dengan Sersan Jim Baxter untuk mencari pembunuh berantai yang meneror Los Angeles. Saat mereka melacak pelakunya, Baxter tidak menyadari bahwa penyelidikan tersebut mengorek gema masa lalu Deke, mengungkap rahasia yang mengganggu yang dapat mengancam lebih dari kasusnya.","Crime,Drama,Mystery",https://oppadrama.art/wp-content/uploads/2024/04/The-Little-Things-2021.webp, Completed," April 28, 2024", 128 min, United States, Movie, John Lee Hancock," Denzel Washington, Jared Leto, Rami Malek", 1
84,I-LAND Season 2: N/a,"Pada tahun 2020, 23 kontestan laki-laki bertarung buat memperoleh peluang bergabung dengan ENHYPEN, tim K-pop baru yang diproduseri oleh para pakar musik di balik BTS. Saat ini 4 tahun setelah itu giliran para perempuan. Supremo K-pop Teddy, jagoan di balik aksi-aksi yang menduduki puncak tangga lagu semacam BLACKPINK, hendak memproduseri tim yang timbul dari pertarungan audisi yang sangat kompetitif ini! Dengan pensiunan K-pop Taeyang yang jadi pembawa kegiatan bersama dengan pakar penciptaan serta koreografi 24, VVN, Monika dari PROWDMON, serta Lee Jung dari YGX, bintang-bintang K-pop baru hendak lahir. Tetapi siapa di antara kontestan berbakat ini yang hendak sukses?",Music,https://oppadrama.art/wp-content/uploads/2024/04/I-LAND-Season-2-Na-2024.webp, Ongoing," April 27, 2024", 2 hr. 0 min., South Korea, TV Show,-," 24, Monika Shin, Song Kang, Taeyang, Teddy Park, VVN", 10
85,Sugar 2024 Season 1,"Detektif swasta John Sugar menyelidiki hilangnya Olivia Siegel secara misterius, cucu seorang produser legendaris Hollywood.",Drama,https://oppadrama.art/wp-content/uploads/2024/04/Sugar-2024-Season-1.webp, Ongoing," April 27, 2024",-, USA, Drama, Mark Protosevich," Alex Hernandez, Amy Ryan, Colin Farrell, Dennis Boutsikaris, James Cromwell, Kirby, Lindsay Pulsipher, Nate Corddry, Sydney Chandler", 8
86,Franklin 2024,"Mengupas kisah salah satu pertaruhan terbesar dalam karier Franklin. Pada usia 70 tahun, Franklin berhasil mengalahkan mata-mata Inggris dan informan Prancis saat merekayasa aliansi Prancis-Amerika pada 1778.","Drama,Politics,War",https://oppadrama.art/wp-content/uploads/2024/04/Franklin-2024.webp, Ongoing," April 27, 2024",-, USA, Drama,-," Assaad Bouab, Daniel Mays, Ludivine Sagnier, Michael Douglas, Noah Jupe, Théodore Pellerin, Thibault de Montalembert", 8
87,My Love from the Star,"Do Min Joon adalah seorang alien yang mendarat di Bumi 400 tahun yang lalu pada masa Dinasti Joseon. Dia memiliki penampilan yang nyaris sempurna dan kemampuan fisik yang ditingkatkan yang melibatkan penglihatan, pendengaran, dan kecepatannya. Kemudian, dia menemukan bahwa dia memiliki waktu tiga bulan tersisa di Bumi. Dan saat itulah ia bertemu dengan Cheon Song Yi, bintang Hallyu terbesar di Korea.","Comedy,Drama,Romance,Supernatural",https://i2.wp.com/oppadrama.art/wp-content/uploads/2024/04/My-Love-from-the-Star-2013.jpg, Completed," April 27, 2024", 58 min., South Korea, Drama," Jang Tae Yoo, Oh Choong Hwan"," Jun Ji Hyun, Kim Chang Wan, Kim Soo Hyun, Park Hae Jin, Shin Sung Rok, Yoo In Na", 21
88,Two Worlds,"Phupha dan Khram saling mencintai namun kemudian Phupha dibunuh. Namun, sesuatu terjadi dan Khram ditarik ke dunia paralel di mana, 12 tahun yang lalu, Khram dan Thai saling jatuh cinta. Namun, Khram dibunuh oleh ayah Thai. Suatu hari, Thai melewati sebuah jalan dan menemukan seseorang di tengah jalan. Wajah orang tersebut mengejutkan Thai karena ia terlihat sama persis dengan kekasihnya 12 tahun yang lalu. Apa yang akan terjadi selanjutnya?","Fantasy,Romance",https://oppadrama.art/wp-content/uploads/2024/04/Two-Worlds-2024.webp, Ongoing," April 19, 2024",-, Thailand, Drama," Khets Thunthup, Petch Varayu Rukskul"," Gun Thapanawat Kaewbumrung, Max Kornthas Rujeerattanavorapan, Mon Taechin Phaisanwan, Nam Rapeepat Eakpankul, Nat Natasitt Uareksit, Pak Varayu Pusomjitsakul", 10
89,My Precious The Series,Selaku hukuman sebab sudah melaksanakan candaan sang pembentuk onar di kelas wajib diawasi oleh siswa teladan-tetapi tidak lama setelah itu mereka juga bersama jatuh cinta.,"Drama,Romance,Youth",https://oppadrama.art/wp-content/uploads/2024/04/My-Precious-The-Series-2024.webp, Ongoing," April 19, 2024",-, Thailand, Drama, Fon Kanittha Kwunyoo," Chimon Wachirawit Ruangwiwat, Euro Thanaset Suriyapornchaikul, Film Rachanun Mahawan, Nanon Korapat Kirdpan, Neo Trai Nimtawat, Ohm Pawat Chittsawangdee", 10
90,Gray Shelter,"Cha Soo Hyuk hanya fokus pada kelangsungan hidupnya, tanpa tujuan yang muluk-muluk. Dia bertemu kembali dengan Lee Yoon Dae, yang sangat dekat dengannya. Yoon Dae tinggal bersama pacarnya namun sekarang tidak punya tempat tinggal. Mereka akhirnya tinggal bersama.",Romance,https://oppadrama.art/wp-content/uploads/2024/04/Gray-Shelter-2024-1.webp, Completed," April 26, 2024", 20 min., South Korea, Drama,-," Jang Woo Young, Lee Jae Bin", 5
91,City of The City,"Ini adalah musim kelulusan lagi di Kota Keuangan Lujiazui, Shanghai. Tao Wu Ji, seorang pemuda dari kota kecil, diterima bekerja di bank cabang Pudong. Dia mulai sebagai teller di level terendah. Tao Wu Ji rajin dan bertekad untuk maju, mengandalkan kemampuan dan kecerdasan emosionalnya sendiri.","Business,Drama",https://oppadrama.art/wp-content/uploads/2024/04/City-of-The-City-2024.webp, Ongoing," April 26, 2024", 45 min., China, Drama, Teng Hua Tao," Bai Yu Fan, Feng Jia Yi, Lawrence Wang, Long Ni, Xia Meng, Yu He Wei", 40
92,Deep Night the Series,"Khemthis adalah putra tercinta dari Nyonya Freya, pemilik Deep Night Club, klub malam terbaik di negara ini. Pertunjukan akrobatiknya yang memukau membedakan mereka dari yang lain. Khemthis terpesona oleh pembawa acara papan atas, Wela. Namun, semakin dekat, semakin banyak rintangan. Mereka bukan satu-satunya yang membawa warna ke klub. Mereka bergabung dengan Seiji, Ken, Great, DJ James dan pelayan yang cerah, Jepang.","Drama,Romance",https://oppadrama.art/wp-content/uploads/2024/03/Deep-Night-the-Series-2024.webp, Completed," March 8, 2024", 50 min., Thailand, Drama, Cheewin Thanamin Wongskulphat," Chalarm Siam Pipatcharoenwong, First Piyangkul Saohin, Neptune Bhurichon Khumsiri, Seagames Teerapat Angkanit, Shogun Paramee Thesdaroon, Sun Tananat Lertrungvichien", 8
93,Memories of Murder (2003),"Pada tahun 1986, di provinsi Gyunggi, di Korea Selatan, seorang wanita muda dan cantik ditemukan tewas, diperkosa dan diikat serta disumpal dengan pakaian dalamnya. Detektif Park Doo Man dan Detektif Cho Yong Koo, dua detektif lokal yang brutal dan bodoh tanpa teknik apapun, menyelidiki pembunuhan tersebut dengan menggunakan kebrutalan dan menyiksa para tersangka, tanpa hasil yang nyata. Kemudian Detektif Seo Tae Yoon dari Seoul datang ke negara itu untuk membantu penyelidikan dan yakin bahwa seorang pembunuh berantai membunuh para wanita. Ketika wanita ketiga ditemukan tewas dalam “modus operandi” yang sama, para detektif menemukan petunjuk tentang pembunuhnya.","Drama,Mystery,Thriller",https://oppadrama.art/wp-content/uploads/2024/04/Memories-of-Murder-2003.webp, Completed," April 26, 2024", 2 hr. 12 min., South Korea, Movie, Bong Joon Ho," Byun Hee Bong, Go Seo Hee, Kim Roe Ha, Kim Sang Kyung, Song Jae Ho, Song Kang Ho", 1
94,Judge Dredd (1995),"Di masa depan yang penuh dengan kejahatan, satu-satunya yang berdiri di antara ketertiban dan kekacauan adalah Hakim Joseph Dredd (Sylvester Stallone). Tugasnya: mengawasi wilayah metropolitan yang penuh dengan kekerasan yang memadati bumi yang membusuk, dan membunuh para penjahat di tempat jika perlu. Namun, keadaan berbalik ketika mantan Hakim Rico (Armand Assante) yang gila menjebak Dredd untuk melakukan pembunuhan. Namun, seperti yang segera diketahui oleh lawan-lawannya, bahkan hukuman penjara pun tidak dapat menghentikan Dredd untuk memberikan keadilan khasnya.","Action,Crime,Sci-Fi",https://oppadrama.art/wp-content/uploads/2024/04/Judge-Dredd-1995.webp, Completed," April 26, 2024", 96 min," Netherlands, United Kingdom, United States", Movie, Danny Cannon," Armand Assante, Rob Schneider, Sylvester Stallone", 1
95,I Saw the Devil (2010),Kyung Chul adalah seorang psikopat berbahaya yang membunuh untuk kesenangan. Dia telah melakukan pembunuhan berantai dengan cara-cara jahat yang bahkan tidak dapat dibayangkan dan korbannya berkisar dari wanita muda hingga anak-anak. Polisi telah mengejarnya sejak lama namun tidak berhasil menangkapnya.,"Action,Mystery,Psychological,Thriller",https://oppadrama.art/wp-content/uploads/2024/04/I-Saw-the-Devil-2010.webp, Completed," April 26, 2024", 2 hr. 24 min., South Korea, Movie, Kim Jee Woon," Choi Min Shik, Jeon Gook Hwan, Kim Yun Seo, Lee Byung Hun, Lee Joon Hyuk, Oh San Ha", 1
96,Drive-Away Dolls (2024),"Ditulis oleh Ethan Coen dan Tricia Cooke, film komedi ini mengisahkan Jamie, seorang pria berjiwa bebas yang meratapi perpisahannya dengan pacarnya, dan temannya Marian yang sangat ingin bersantai. Untuk mencari awal yang baru, keduanya memulai perjalanan dadakan ke Tallahassee, namun semuanya menjadi kacau ketika mereka bertemu dengan sekelompok penjahat yang tidak kompeten di sepanjang jalan. Disutradarai oleh Ethan Coen.","Action,Comedy,Thriller",https://oppadrama.art/wp-content/uploads/2024/03/Drive-Away-Dolls-2024.webp, Completed," March 13, 2024", 84 min," United Kingdom, United States", Movie, Ethan Coen," Beanie Feldstein, Geraldine Viswanathan, Margaret Qualley", 1
97,Justice League: Crisis on Infinite Earths Part Two (2024),"Pasukan iblis bayangan yang tak ada habisnya mengancam untuk menghancurkan dunia dan semua Bumi paralel. Satu-satunya yang bisa melawan mereka adalah kekuatan gabungan dari Superman, Batman, Wonder Woman, Green Lantern, dan semua pahlawan super lainnya.","Action,Adventure,Animation",https://oppadrama.art/wp-content/uploads/2024/04/Justice-League-Crisis-on-Infinite-Earths-Part-Two-2024.webp, Completed," April 26, 2024", 94 min, United States, Movie, Jeff Wamester," Gideon Adlon, Jensen Ackles, Jonathan Adams", 1
98,Emily the Criminal (2022),"Emily (Aubrey Plaza) dibebani dengan hutang mahasiswa dan tidak bisa mendapatkan pekerjaan karena memiliki catatan kriminal kecil. Putus asa untuk mendapatkan penghasilan, ia mengambil pekerjaan gelap sebagai “pembelanja tiruan,” membeli barang dengan kartu kredit curian yang dipasok oleh seorang perantara tampan dan karismatik bernama Youcef (Theo Rossi). Dihadapkan dengan serangkaian wawancara kerja yang buntu, Emily segera mendapati dirinya tergoda oleh uang tunai cepat dan sensasi gelap kapitalisme pasar gelap, dan semakin tertarik pada mentornya Youcef. Bersama-sama, mereka menyusun rencana untuk membawa bisnis mereka ke tingkat berikutnya di Los Angeles.","Crime,Drama,Mystery",https://oppadrama.art/wp-content/uploads/2024/04/Emily-the-Criminal-2022.webp, Completed," April 26, 2024", 97 min, United States, Movie, John Patton Ford," Aubrey Plaza, Bernardo Badillo, Theo Rossi", 1
99,Master Z: Ip Man Legacy (2018),"Sambil tetap rendah hati setelah kekalahannya dari Ip Man, Cheung Tin Chi terlibat dalam masalah setelah berkelahi dengan orang asing yang kuat.","Action,Arts,Drama,Martial",https://oppadrama.art/wp-content/uploads/2024/04/Master-Z-Ip-Man-Legacy-2018.webp, Completed," April 26, 2024", 1 hr. 47 min., Hong Kong, Movie, Yuen Woo Ping," Ada Liu, Dave Bautista, Kevin Cheng, Michelle Yeoh, Tony Jaa, Zhang Jin", 1
100,The Pod Generation (2023),"Dalam waktu yang tidak terlalu lama lagi, AI akan menjadi hal yang populer dan alam akan menjadi kenangan. Raksasa teknologi Pegasus menawarkan kesempatan kepada pasangan untuk berbagi kehamilan dengan pijakan yang lebih setara melalui rahim buatan yang dapat dilepas, atau pod. Tapi berapa biayanya? Rachel dan Alvy, pasangan asal New York, siap untuk membawa hubungan mereka ke tingkat berikutnya dan memulai sebuah keluarga. Pekerjaan Rachel memberi mereka kesempatan untuk cepat-cepat masuk ke dalam daftar tunggu Pegasus. Namun Alvy, seorang ahli botani dan seorang yang taat beribadah memiliki keraguan. Meskipun demikian, cintanya pada Rachel mendorongnya untuk mengambil sebuah lompatan keyakinan. Maka dimulailah perjalanan liar menuju menjadi orang tua di dunia baru yang penuh tantangan ini dengan segala liku-liku dan gundukan di sepanjang jalan.","Comedy,Romance,Sci-Fi",https://oppadrama.art/wp-content/uploads/2024/04/The-Pod-Generation-2023.webp, Completed," April 26, 2024", 110 min, United Kingdom, Movie, Sophie Barthes," Chiwetel Ejiofor, Emilia Clarke, Rosalie Craig", 1
